"Concentration","time","se","cfu","source","bac","abx"
0,0,102510.162097879,198333.333333333,"Data","327","ery"
0,1,841130.192063036,1850000,"Data","327","ery"
0,2,3547299.44229879,12666666.6666667,"Data","327","ery"
0,3,29297326.3854116,98333333.3333333,"Data","327","ery"
0,4,104083299.973307,533333333.333333,"Data","327","ery"
0,6,1991858428.70421,2.2e+09,"Data","327","ery"
0.25,0,104083.299973307,183333.333333333,"Data","327","ery"
0.25,1,28867.5134594813,916666.666666667,"Data","327","ery"
0.25,2,2600640.9466386,4933333.33333333,"Data","327","ery"
0.25,3,17559422.9214212,31666666.6666667,"Data","327","ery"
0.25,4,47696960.0708473,1.7e+08,"Data","327","ery"
0.25,6,229128784.747792,1.15e+09,"Data","327","ery"
0.5,0,98276.8199187038,188333.333333333,"Data","327","ery"
0.5,1,275378.527364305,816666.666666667,"Data","327","ery"
0.5,2,1408012.78403287,2950000,"Data","327","ery"
0.5,3,16653327.9957291,21333333.3333333,"Data","327","ery"
0.5,4,43108390.5212585,126666666.666667,"Data","327","ery"
0.5,6,317542648.054294,1233333333.33333,"Data","327","ery"
1,0,98488.578017961,190000,"Data","327","ery"
1,1,458257.569495584,7e+05,"Data","327","ery"
1,2,1189887.94990677,1716666.66666667,"Data","327","ery"
1,3,4907477.28811182,10166666.6666667,"Data","327","ery"
1,4,40722639.0762354,58333333.3333333,"Data","327","ery"
1,6,1.5e+08,6.5e+08,"Data","327","ery"
2,0,20207.2594216369,153333.333333333,"Data","327","ery"
2,1,505799.696849784,466666.666666667,"Data","327","ery"
2,2,987842.76751583,1616666.66666667,"Data","327","ery"
2,3,1802775.63773199,4500000,"Data","327","ery"
2,4,6557438.524302,1.9e+07,"Data","327","ery"
2,6,160727512.683216,333333333.333333,"Data","327","ery"
4,0,45825.7569495584,140000,"Data","327","ery"
4,1,8660.25403784439,395000,"Data","327","ery"
4,2,150000,950000,"Data","327","ery"
4,3,1147097.78717132,1683333.33333333,"Data","327","ery"
4,4,5766281.2973354,7500000,"Data","327","ery"
4,6,88928810.479694,121666666.666667,"Data","327","ery"
8,0,148352.058743158,243333.333333333,"Data","327","ery"
8,1,86602.5403784439,350000,"Data","327","ery"
8,2,202072.594216369,533333.333333333,"Data","327","ery"
8,3,288675.134594813,666666.666666667,"Data","327","ery"
8,4,312249.89991992,1250000,"Data","327","ery"
8,6,12711543.3104456,18833333.3333333,"Data","327","ery"
16,0,37749.1721763537,145000,"Data","327","ery"
16,1,208166.599946613,516666.666666667,"Data","327","ery"
16,2,340342.964277702,483333.333333333,"Data","327","ery"
16,3,361708.906903512,766666.666666667,"Data","327","ery"
16,4,388372.673257701,833333.333333333,"Data","327","ery"
16,6,1130265.45554573,1750000,"Data","327","ery"
32,0,47696.9600708473,155000,"Data","327","ery"
32,1,108972.473588517,325000,"Data","327","ery"
32,2,193993.12702602,376666.666666667,"Data","327","ery"
32,3,235070.91128707,338333.333333333,"Data","327","ery"
32,4,53928.9656245448,388333.333333333,"Data","327","ery"
32,6,390512.483795333,650000,"Data","327","ery"
0,0,NA,198333.333333333,"model","327","ery"
0,1,NA,1525235.01905871,"model","327","ery"
0,2,NA,11684804.9922621,"model","327","ery"
0,3,NA,86982519.2098239,"model","327","ery"
0,4,NA,535199306.65198,"model","327","ery"
0,6,NA,2199889572.52942,"model","327","ery"
0.25,0,NA,183333.333333333,"model","327","ery"
0.25,1,NA,1010294.82702705,"model","327","ery"
0.25,2,NA,5556758.4483049,"model","327","ery"
0.25,3,NA,30244501.5883958,"model","327","ery"
0.25,4,NA,155800946.805061,"model","327","ery"
0.25,6,NA,1411292862.31448,"model","327","ery"
0.5,0,NA,188333.333333333,"model","327","ery"
0.5,1,NA,890486.688340097,"model","327","ery"
0.5,2,NA,4204220.66352985,"model","327","ery"
0.5,3,NA,19711807.8389134,"model","327","ery"
0.5,4,NA,89519977.5443783,"model","327","ery"
0.5,6,NA,962440659.645306,"model","327","ery"
1,0,NA,190000,"model","327","ery"
1,1,NA,736853.756919078,"model","327","ery"
1,2,NA,2854738.11786412,"model","327","ery"
1,3,NA,11016446.9486016,"model","327","ery"
1,4,NA,41878431.5189522,"model","327","ery"
1,6,NA,456386882.450633,"model","327","ery"
2,0,NA,153333.333333333,"model","327","ery"
2,1,NA,469453.493723984,"model","327","ery"
2,2,NA,1436568.57830164,"model","327","ery"
2,3,NA,4389162.60664468,"model","327","ery"
2,4,NA,13346636.7383464,"model","327","ery"
2,6,NA,115074272.173076,"model","327","ery"
4,0,NA,140000,"model","327","ery"
4,1,NA,331745.629040519,"model","327","ery"
4,2,NA,785897.934891468,"model","327","ery"
4,3,NA,1860595.39544018,"model","327","ery"
4,4,NA,4398337.07836811,"model","327","ery"
4,6,NA,24206316.7644902,"model","327","ery"
8,0,NA,243333.333333333,"model","327","ery"
8,1,NA,448890.504501444,"model","327","ery"
8,2,NA,827886.896073529,"model","327","ery"
8,3,NA,1526169.3514083,"model","327","ery"
8,4,NA,2811039.6400632,"model","327","ery"
8,6,NA,9480089.75879204,"model","327","ery"
16,0,NA,145000,"model","327","ery"
16,1,NA,214524.915495899,"model","327","ery"
16,2,NA,317362.138065823,"model","327","ery"
16,3,NA,469444.412775272,"model","327","ery"
16,4,NA,694292.470347903,"model","327","ery"
16,6,NA,1517379.75045264,"model","327","ery"
32,0,NA,155000,"model","327","ery"
32,1,NA,191931.692763796,"model","327","ery"
32,2,NA,237654.370680311,"model","327","ery"
32,3,NA,294256.213243862,"model","327","ery"
32,4,NA,364318.753629816,"model","327","ery"
32,6,NA,558336.956041753,"model","327","ery"
0,0,57735.0269189626,416666.666666667,"Data","327","tet"
0,1,992891.400573765,1866666.66666667,"Data","327","tet"
0,2,5008326.40043891,14333333.3333333,"Data","327","tet"
0,3,48045117.6846652,118333333.333333,"Data","327","tet"
0,4,125830573.921179,433333333.333333,"Data","327","tet"
0,6,1866145760.65215,2.35e+09,"Data","327","tet"
0.25,0,86746.7578644874,205000,"Data","327","tet"
0.25,1,104083.299973307,716666.666666667,"Data","327","tet"
0.25,2,144337.567297406,616666.666666667,"Data","327","tet"
0.25,3,425245.027405769,983333.333333333,"Data","327","tet"
0.25,4,217944.947177034,1450000,"Data","327","tet"
0.25,6,28867.5134594813,1983333.33333333,"Data","327","tet"
0.5,0,107587.17395675,295000,"Data","327","tet"
0.5,1,112509.258878251,338333.333333333,"Data","327","tet"
0.5,2,30413.8126514911,365000,"Data","327","tet"
0.5,3,333329.166640625,416666.666666667,"Data","327","tet"
0.5,4,53928.9656245448,338333.333333333,"Data","327","tet"
0.5,6,210732.848254213,461666.666666667,"Data","327","tet"
1,0,241936.630821654,413333.333333333,"Data","327","tet"
1,1,253294.953233051,411666.666666667,"Data","327","tet"
1,2,32787.19262151,135000,"Data","327","tet"
1,3,33291.640592397,68333.3333333333,"Data","327","tet"
1,4,62889.4532758342,84833.3333333333,"Data","327","tet"
1,6,70533.6798983294,90000,"Data","327","tet"
2,0,223681.320930768,396666.666666667,"Data","327","tet"
2,1,145028.732785381,303333.333333333,"Data","327","tet"
2,2,20816.6599946613,73333.3333333333,"Data","327","tet"
2,3,18513.5085815736,24500,"Data","327","tet"
2,4,3511.88458428425,12666.6666666667,"Data","327","tet"
2,6,3547.29944229879,8833.33333333333,"Data","327","tet"
4,0,205365.527779128,335000,"Data","327","tet"
4,1,55075.705472861,196666.666666667,"Data","327","tet"
4,2,32511.5364140177,38000,"Data","327","tet"
4,3,763.762615825973,8833.33333333333,"Data","327","tet"
4,4,2081.66599946613,3666.66666666667,"Data","327","tet"
4,6,866.025403784439,2500,"Data","327","tet"
8,0,140801.278403287,345000,"Data","327","tet"
8,1,17559.4229214212,181666.666666667,"Data","327","tet"
8,2,2466.44143115812,10333.3333333333,"Data","327","tet"
8,3,1527.52523165195,3333.33333333333,"Data","327","tet"
8,4,1258.30573921179,2333.33333333333,"Data","327","tet"
8,6,577.350269189626,833.333333333333,"Data","327","tet"
16,0,161580.733174885,271666.666666667,"Data","327","tet"
16,1,82815.0549920323,171666.666666667,"Data","327","tet"
16,2,4769.69600708473,3500,"Data","327","tet"
16,3,500,1500,"Data","327","tet"
16,4,288.675134594813,333.333333333333,"Data","327","tet"
16,6,577.350269189626,333.333333333333,"Data","327","tet"
32,0,155026.87938978,296666.666666667,"Data","327","tet"
32,1,50332.2295684717,101666.666666667,"Data","327","tet"
32,2,500,1000,"Data","327","tet"
32,3,288.675134594813,166.666666666667,"Data","327","tet"
32,4,0,0,"Data","327","tet"
32,6,0,0,"Data","327","tet"
0,0,NA,416666.666666667,"model","327","tet"
0,1,NA,3009154.65082774,"model","327","tet"
0,2,NA,21417788.8084915,"model","327","tet"
0,3,NA,138248932.843829,"model","327","tet"
0,4,NA,560940970.308444,"model","327","tet"
0,6,NA,1080193130.30712,"model","327","tet"
0.25,0,NA,205000,"model","327","tet"
0.25,1,NA,298589.051445586,"model","327","tet"
0.25,2,NA,434815.569865678,"model","327","tet"
0.25,3,NA,633004.732056698,"model","327","tet"
0.25,4,NA,921130.327715917,"model","327","tet"
0.25,6,NA,1946288.77773969,"model","327","tet"
0.5,0,NA,295000,"model","327","tet"
0.5,1,NA,316921.627855253,"model","327","tet"
0.5,2,NA,340457.962383195,"model","327","tet"
0.5,3,NA,365726.55057998,"model","327","tet"
0.5,4,NA,392851.961910826,"model","327","tet"
0.5,6,NA,453216.803564626,"model","327","tet"
1,0,NA,413333.333333333,"model","327","tet"
1,1,NA,313604.265097061,"model","327","tet"
1,2,NA,237974.661541362,"model","327","tet"
1,3,NA,180605.413885614,"model","327","tet"
1,4,NA,137079.198394053,"model","327","tet"
1,6,NA,78982.9898115108,"model","327","tet"
2,0,NA,396666.666666667,"model","327","tet"
2,1,NA,203387.64202481,"model","327","tet"
2,2,NA,104311.970856497,"model","327","tet"
2,3,NA,53505.5943174127,"model","327","tet"
2,4,NA,27446.8968816056,"model","327","tet"
2,6,NA,7223.01298288593,"model","327","tet"
4,0,NA,335000,"model","327","tet"
4,1,NA,111171.324105923,"model","327","tet"
4,2,NA,36901.5995885775,"model","327","tet"
4,3,NA,12249.900021643,"model","327","tet"
4,4,NA,4066.60109485932,"model","327","tet"
4,6,NA,448.165689750055,"model","327","tet"
8,0,NA,345000,"model","327","tet"
8,1,NA,71192.6958522359,"model","327","tet"
8,2,NA,14694.5882614813,"model","327","tet"
8,3,NA,3033.20327304996,"model","327","tet"
8,4,NA,626.10941165434,"model","327","tet"
8,6,NA,26.677782274502,"model","327","tet"
16,0,NA,271666.666666667,"model","327","tet"
16,1,NA,33692.633354437,"model","327","tet"
16,2,NA,4179.35801962157,"model","327","tet"
16,3,NA,518.434412720357,"model","327","tet"
16,4,NA,64.310108294418,"model","327","tet"
16,6,NA,0.989578895520308,"model","327","tet"
32,0,NA,296666.666666667,"model","327","tet"
32,1,NA,21546.3328462261,"model","327","tet"
32,2,NA,1565.13482190045,"model","327","tet"
32,3,NA,113.693512965618,"model","327","tet"
32,4,NA,8.25885827970767,"model","327","tet"
32,6,NA,0.0435800606743548,"model","327","tet"
0,0,78155.827251289,166666.666666667,"Data","201kt7","ery"
0,1,1047616.34198785,1350000,"Data","201kt7","ery"
0,2,16462077.6331543,1.6e+07,"Data","201kt7","ery"
0,3,33291640.592397,76666666.6666667,"Data","201kt7","ery"
0,4,152752523.165195,333333333.333333,"Data","201kt7","ery"
0,6,458257569.495584,1.6e+09,"Data","201kt7","ery"
0.25,0,22912.8784747792,115000,"Data","201kt7","ery"
0.25,1,213775.583264319,430000,"Data","201kt7","ery"
0.25,2,220812.892135702,296666.666666667,"Data","201kt7","ery"
0.25,3,30138.5688667085,46666.6666666667,"Data","201kt7","ery"
0.25,4,48952.3577913601,44333.3333333333,"Data","201kt7","ery"
0.25,6,50275.0766616356,43166.6666666667,"Data","201kt7","ery"
0.5,0,75055.5349946513,163333.333333333,"Data","201kt7","ery"
0.5,1,99289.1400573765,221666.666666667,"Data","201kt7","ery"
0.5,2,12583.0573921179,61666.6666666667,"Data","201kt7","ery"
0.5,3,4041.45188432738,12666.6666666667,"Data","201kt7","ery"
0.5,4,1747.37898961082,3533.33333333333,"Data","201kt7","ery"
0.5,6,2462.21445044903,2250,"Data","201kt7","ery"
1,0,40414.5188432738,158333.333333333,"Data","201kt7","ery"
1,1,78475.0491132904,173333.333333333,"Data","201kt7","ery"
1,2,12189.4763354844,26166.6666666667,"Data","201kt7","ery"
1,3,288.675134594813,3333.33333333333,"Data","201kt7","ery"
1,4,577.350269189626,833.333333333333,"Data","201kt7","ery"
1,6,2830.78316607495,1733.33333333333,"Data","201kt7","ery"
2,0,26457.5131106459,150000,"Data","201kt7","ery"
2,1,30413.8126514911,140000,"Data","201kt7","ery"
2,2,15750.6613617757,16833.3333333333,"Data","201kt7","ery"
2,3,288.675134594813,1833.33333333333,"Data","201kt7","ery"
2,4,763.762615825973,833.333333333333,"Data","201kt7","ery"
2,6,28724.2638431925,16833.3333333333,"Data","201kt7","ery"
4,0,55752.4289455924,136666.666666667,"Data","201kt7","ery"
4,1,75663.7297521078,135000,"Data","201kt7","ery"
4,2,763.762615825973,5166.66666666667,"Data","201kt7","ery"
4,3,2020.72594216369,1666.66666666667,"Data","201kt7","ery"
4,4,550.75705472861,1033.33333333333,"Data","201kt7","ery"
4,6,2150.77505409872,1483.33333333333,"Data","201kt7","ery"
8,0,49244.2890089805,135000,"Data","201kt7","ery"
8,1,40414.5188432738,131666.666666667,"Data","201kt7","ery"
8,2,2466.44143115812,2666.66666666667,"Data","201kt7","ery"
8,3,1443.37567297406,833.333333333333,"Data","201kt7","ery"
8,4,2309.4010767585,1333.33333333333,"Data","201kt7","ery"
8,6,4509.24975282289,4333.33333333333,"Data","201kt7","ery"
16,0,55075.705472861,146666.666666667,"Data","201kt7","ery"
16,1,26457.5131106459,1e+05,"Data","201kt7","ery"
16,2,8371.57890324957,5333.33333333333,"Data","201kt7","ery"
16,3,577.350269189626,333.333333333333,"Data","201kt7","ery"
16,4,548.482755730145,316.666666666667,"Data","201kt7","ery"
16,6,1289.70280814354,1066.66666666667,"Data","201kt7","ery"
32,0,55075.705472861,143333.333333333,"Data","201kt7","ery"
32,1,20816.6599946613,86666.6666666667,"Data","201kt7","ery"
32,2,2886.75134594813,1666.66666666667,"Data","201kt7","ery"
32,3,28.8675134594813,16.6666666666667,"Data","201kt7","ery"
32,4,57.7350269189626,33.3333333333333,"Data","201kt7","ery"
32,6,57.7350269189626,33.3333333333333,"Data","201kt7","ery"
0,0,NA,166666.666666667,"model","201kt7","ery"
0,1,NA,1325276.72670981,"model","201kt7","ery"
0,2,NA,10461525.2012938,"model","201kt7","ery"
0,3,NA,78103807.6888882,"model","201kt7","ery"
0,4,NA,416085891.907737,"model","201kt7","ery"
0,6,NA,1072186714.52426,"model","201kt7","ery"
0.25,0,NA,115000,"model","201kt7","ery"
0.25,1,NA,71952.3318818793,"model","201kt7","ery"
0.25,2,NA,45021.4662655294,"model","201kt7","ery"
0.25,3,NA,28171.6938014708,"model","201kt7","ery"
0.25,4,NA,17628.5410797985,"model","201kt7","ery"
0.25,6,NA,6903.05122618104,"model","201kt7","ery"
0.5,0,NA,163333.333333333,"model","201kt7","ery"
0.5,1,NA,78015.5963447131,"model","201kt7","ery"
0.5,2,NA,37268.2120415668,"model","201kt7","ery"
0.5,3,NA,17804.0140079911,"model","201kt7","ery"
0.5,4,NA,8505.66887171689,"model","201kt7","ery"
0.5,6,NA,1941.34572372156,"model","201kt7","ery"
1,0,NA,158333.333333333,"model","201kt7","ery"
1,1,NA,57009.0522912056,"model","201kt7","ery"
1,2,NA,20528.901499962,"model","201kt7","ery"
1,3,NA,7392.75321025754,"model","201kt7","ery"
1,4,NA,2662.27777724129,"model","201kt7","ery"
1,6,NA,345.265678899458,"model","201kt7","ery"
2,0,NA,150000,"model","201kt7","ery"
2,1,NA,40297.1880905904,"model","201kt7","ery"
2,2,NA,10826.9607843068,"model","201kt7","ery"
2,3,NA,2909.05227942914,"model","201kt7","ery"
2,4,NA,781.628124344356,"model","201kt7","ery"
2,6,NA,56.4286453485623,"model","201kt7","ery"
4,0,NA,136666.666666667,"model","201kt7","ery"
4,1,NA,27193.6579760081,"model","201kt7","ery"
4,2,NA,5411.46793686834,"model","201kt7","ery"
4,3,NA,1076.88999341028,"model","201kt7","ery"
4,4,NA,214.303546199173,"model","201kt7","ery"
4,6,NA,8.48684279726762,"model","201kt7","ery"
8,0,NA,135000,"model","201kt7","ery"
8,1,NA,19813.4870371766,"model","201kt7","ery"
8,2,NA,2908.22467304419,"model","201kt7","ery"
8,3,NA,426.875321486023,"model","201kt7","ery"
8,4,NA,62.6577953111285,"model","201kt7","ery"
8,6,NA,1.34996793019487,"model","201kt7","ery"
16,0,NA,146666.666666667,"model","201kt7","ery"
16,1,NA,15865.7115665256,"model","201kt7","ery"
16,2,NA,1716.43958282918,"model","201kt7","ery"
16,3,NA,185.695805185126,"model","201kt7","ery"
16,4,NA,20.0898256528375,"model","201kt7","ery"
16,6,NA,0.235138694071797,"model","201kt7","ery"
32,0,NA,143333.333333333,"model","201kt7","ery"
32,1,NA,11459.2470470641,"model","201kt7","ery"
32,2,NA,916.224912679823,"model","201kt7","ery"
32,3,NA,73.2573520690681,"model","201kt7","ery"
32,4,NA,5.85734280064129,"model","201kt7","ery"
32,6,NA,0.0374454049348365,"model","201kt7","ery"
0,0,177693.556439169,245000,"Data","201kt7","tet"
0,1,826135.582092915,1550000,"Data","201kt7","tet"
0,2,6788470.61813877,12166666.6666667,"Data","201kt7","tet"
0,3,47258156.2625261,96666666.6666667,"Data","201kt7","tet"
0,4,292973263.854116,616666666.666667,"Data","201kt7","tet"
0,6,327871926.2151,1.3e+09,"Data","201kt7","tet"
0.25,0,232719.43050234,281666.666666667,"Data","201kt7","tet"
0.25,1,556776.436283002,1400000,"Data","201kt7","tet"
0.25,2,3278719.262151,11500000,"Data","201kt7","tet"
0.25,3,62516664.4450368,128333333.333333,"Data","201kt7","tet"
0.25,4,173205080.756888,5.5e+08,"Data","201kt7","tet"
0.25,6,152752523.165195,1383333333.33333,"Data","201kt7","tet"
0.5,0,127671.453348037,210000,"Data","201kt7","tet"
0.5,1,1537313.67434669,2233333.33333333,"Data","201kt7","tet"
0.5,2,5965176.72272443,13333333.3333333,"Data","201kt7","tet"
0.5,3,47696960.0708473,9.5e+07,"Data","201kt7","tet"
0.5,4,275378527.364305,383333333.333333,"Data","201kt7","tet"
0.5,6,132287565.55323,1.55e+09,"Data","201kt7","tet"
1,0,61441.0286372225,230000,"Data","201kt7","tet"
1,1,1144916.29970637,1716666.66666667,"Data","201kt7","tet"
1,2,2254624.87641145,9833333.33333333,"Data","201kt7","tet"
1,3,163273798.67368,161666666.666667,"Data","201kt7","tet"
1,4,125830573.921179,416666666.666667,"Data","201kt7","tet"
1,6,332916405.92397,1583333333.33333,"Data","201kt7","tet"
2,0,56789.0834580027,185000,"Data","201kt7","tet"
2,1,750555.349946514,1566666.66666667,"Data","201kt7","tet"
2,2,1802775.63773199,6500000,"Data","201kt7","tet"
2,3,33291640.592397,78333333.3333333,"Data","201kt7","tet"
2,4,110151410.945722,343333333.333333,"Data","201kt7","tet"
2,6,132287565.55323,1.45e+09,"Data","201kt7","tet"
4,0,106926.766215636,176666.666666667,"Data","201kt7","tet"
4,1,288675.134594813,733333.333333333,"Data","201kt7","tet"
4,2,217944.947177034,1300000,"Data","201kt7","tet"
4,3,5346338.31078181,13166666.6666667,"Data","201kt7","tet"
4,4,17088007.4906351,5.2e+07,"Data","201kt7","tet"
4,6,57735026.9189626,833333333.333333,"Data","201kt7","tet"
8,0,239078.09045024,278333.333333333,"Data","201kt7","tet"
8,1,252306.031107727,363333.333333333,"Data","201kt7","tet"
8,2,102510.162097879,198333.333333333,"Data","201kt7","tet"
8,3,324281.256524847,276666.666666667,"Data","201kt7","tet"
8,4,957862.203033401,9e+05,"Data","201kt7","tet"
8,6,31258332.2225184,29166666.6666667,"Data","201kt7","tet"
16,0,163579.746097533,211666.666666667,"Data","201kt7","tet"
16,1,219620.885467055,296666.666666667,"Data","201kt7","tet"
16,2,9464.84724300045,29166.6666666667,"Data","201kt7","tet"
16,3,1802.77563773199,7000,"Data","201kt7","tet"
16,4,3547.29944229879,4666.66666666667,"Data","201kt7","tet"
16,6,34641.0161513775,90000,"Data","201kt7","tet"
32,0,110000,215000,"Data","201kt7","tet"
32,1,10408.3299973307,156666.666666667,"Data","201kt7","tet"
32,2,3464.10161513775,11500,"Data","201kt7","tet"
32,3,1040.83299973307,4333.33333333333,"Data","201kt7","tet"
32,4,1755.94229214212,3333.33333333333,"Data","201kt7","tet"
32,6,1527.52523165195,2333.33333333333,"Data","201kt7","tet"
0,0,NA,245000,"model","201kt7","tet"
0,1,NA,2124151.130078,"model","201kt7","tet"
0,2,NA,18178134.3795208,"model","201kt7","tet"
0,3,NA,140083165.809103,"model","201kt7","tet"
0,4,NA,614864506.828934,"model","201kt7","tet"
0,6,NA,1088612489.67797,"model","201kt7","tet"
0.25,0,NA,281666.666666667,"model","201kt7","tet"
0.25,1,NA,2438801.13231156,"model","201kt7","tet"
0.25,2,NA,20803564.942373,"model","201kt7","tet"
0.25,3,NA,157592242.087554,"model","201kt7","tet"
0.25,4,NA,650986045.035083,"model","201kt7","tet"
0.25,6,NA,1089479437.92499,"model","201kt7","tet"
0.5,0,NA,210000,"model","201kt7","tet"
0.5,1,NA,1810794.67286908,"model","201kt7","tet"
0.5,2,NA,15442364.9059026,"model","201kt7","tet"
0.5,3,NA,120409781.365657,"model","201kt7","tet"
0.5,4,NA,565714601.751926,"model","201kt7","tet"
0.5,6,NA,1083449035.22706,"model","201kt7","tet"
1,0,NA,230000,"model","201kt7","tet"
1,1,NA,1935345.90429412,"model","201kt7","tet"
1,2,NA,16097351.4234881,"model","201kt7","tet"
1,3,NA,122194826.165852,"model","201kt7","tet"
1,4,NA,560680761.254886,"model","201kt7","tet"
1,6,NA,1070622949.57704,"model","201kt7","tet"
2,0,NA,185000,"model","201kt7","tet"
2,1,NA,1376112.33166742,"model","201kt7","tet"
2,2,NA,10159851.6867916,"model","201kt7","tet"
2,3,NA,71103107.5370067,"model","201kt7","tet"
2,4,NA,365522283.788174,"model","201kt7","tet"
2,6,NA,989718591.341398,"model","201kt7","tet"
4,0,NA,176666.666666667,"model","201kt7","tet"
4,1,NA,770226.937043842,"model","201kt7","tet"
4,2,NA,3349103.70449308,"model","201kt7","tet"
4,3,NA,14396588.5638731,"model","201kt7","tet"
4,4,NA,59004544.1495052,"model","201kt7","tet"
4,6,NA,464246159.792265,"model","201kt7","tet"
8,0,NA,278333.333333333,"model","201kt7","tet"
8,1,NA,326891.626929715,"model","201kt7","tet"
8,2,NA,383881.929703904,"model","201kt7","tet"
8,3,NA,450752.855044028,"model","201kt7","tet"
8,4,NA,529197.272206529,"model","201kt7","tet"
8,6,NA,729030.196027426,"model","201kt7","tet"
16,0,NA,211666.666666667,"model","201kt7","tet"
16,1,NA,80944.8053715722,"model","201kt7","tet"
16,2,NA,30959.710943624,"model","201kt7","tet"
16,3,NA,11842.1737754562,"model","201kt7","tet"
16,4,NA,4529.77277309829,"model","201kt7","tet"
16,6,NA,662.78988774807,"model","201kt7","tet"
32,0,NA,215000,"model","201kt7","tet"
32,1,NA,56815.7916992265,"model","201kt7","tet"
32,2,NA,15016.6355081235,"model","201kt7","tet"
32,3,NA,3969.13317524767,"model","201kt7","tet"
32,4,NA,1049.11701548078,"model","201kt7","tet"
32,6,NA,73.2965609953629,"model","201kt7","tet"
0,0,12583.0573921179,111666.666666667,"Data","drp","ery"
0,1,332916.40592397,1033333.33333333,"Data","drp","ery"
0,2,2929732.63854116,9333333.33333333,"Data","drp","ery"
0,3,15275252.3165195,46666666.6666667,"Data","drp","ery"
0,4,202258085.952907,321666666.666667,"Data","drp","ery"
0,6,278388218.141501,1.15e+09,"Data","drp","ery"
0.25,0,16072.7512683216,136666.666666667,"Data","drp","ery"
0.25,1,160727.512683216,633333.333333333,"Data","drp","ery"
0.25,2,1322875.6555323,5e+06,"Data","drp","ery"
0.25,3,7549834.43527075,2.3e+07,"Data","drp","ery"
0.25,4,24664414.3115812,136666666.666667,"Data","drp","ery"
0.25,6,409267638.593623,8e+08,"Data","drp","ery"
0.5,0,53463.3831078181,128333.333333333,"Data","drp","ery"
0.5,1,264575.131106459,650000,"Data","drp","ery"
0.5,2,160727.512683216,2133333.33333333,"Data","drp","ery"
0.5,3,2645751.31106459,1.3e+07,"Data","drp","ery"
0.5,4,29297326.3854116,86666666.6666667,"Data","drp","ery"
0.5,6,160727512.683216,1033333333.33333,"Data","drp","ery"
1,0,43684.4747402705,131666.666666667,"Data","drp","ery"
1,1,175594.229214212,383333.333333333,"Data","drp","ery"
1,2,305505.046330389,1866666.66666667,"Data","drp","ery"
1,3,4092676.38593622,10500000,"Data","drp","ery"
1,4,16072751.2683216,51666666.6666667,"Data","drp","ery"
1,6,284312035.153866,633333333.333333,"Data","drp","ery"
2,0,42524.5027405769,126666.666666667,"Data","drp","ery"
2,1,202072.594216369,433333.333333333,"Data","drp","ery"
2,2,350000,1150000,"Data","drp","ery"
2,3,1040832.99973307,4333333.33333333,"Data","drp","ery"
2,4,3122498.9991992,1.7e+07,"Data","drp","ery"
2,6,57662812.973354,2.95e+08,"Data","drp","ery"
4,0,47258.1562625261,141666.666666667,"Data","drp","ery"
4,1,150000,350000,"Data","drp","ery"
4,2,256580.071972344,866666.666666667,"Data","drp","ery"
4,3,458257.569495584,1300000,"Data","drp","ery"
4,4,3605551.27546399,6e+06,"Data","drp","ery"
4,6,58949130.612758,1.25e+08,"Data","drp","ery"
8,0,71821.5380880508,153333.333333333,"Data","drp","ery"
8,1,267690.74196418,388333.333333333,"Data","drp","ery"
8,2,104083.299973307,516666.666666667,"Data","drp","ery"
8,3,419324.854180304,766666.666666667,"Data","drp","ery"
8,4,332916.40592397,1566666.66666667,"Data","drp","ery"
8,6,26269437.248128,34833333.3333333,"Data","drp","ery"
16,0,37527.7674973257,133333.333333333,"Data","drp","ery"
16,1,189296.944860009,433333.333333333,"Data","drp","ery"
16,2,57735.0269189626,366666.666666667,"Data","drp","ery"
16,3,86602.5403784439,4e+05,"Data","drp","ery"
16,4,375277.674973257,833333.333333333,"Data","drp","ery"
16,6,3911947.51157698,5033333.33333333,"Data","drp","ery"
32,0,38188.1307912987,86666.6666666667,"Data","drp","ery"
32,1,146486.631927058,291666.666666667,"Data","drp","ery"
32,2,132570.735835629,265000,"Data","drp","ery"
32,3,525198.375219624,666666.666666667,"Data","drp","ery"
32,4,72111.0255092798,370000,"Data","drp","ery"
32,6,350000,750000,"Data","drp","ery"
0,0,NA,111666.666666667,"model","drp","ery"
0,1,NA,908163.924513371,"model","drp","ery"
0,2,NA,7347963.423076,"model","drp","ery"
0,3,NA,57080691.9975181,"model","drp","ery"
0,4,NA,338987812.637469,"model","drp","ery"
0,6,NA,1063940723.64245,"model","drp","ery"
0.25,0,NA,136666.666666667,"model","drp","ery"
0.25,1,NA,841795.30771392,"model","drp","ery"
0.25,2,NA,5165311.7223969,"model","drp","ery"
0.25,3,NA,30973213.825979,"model","drp","ery"
0.25,4,NA,163510514.196994,"model","drp","ery"
0.25,6,NA,846468219.430166,"model","drp","ery"
0.5,0,NA,128333.333333333,"model","drp","ery"
0.5,1,NA,674120.764215033,"model","drp","ery"
0.5,2,NA,3531659.50802743,"model","drp","ery"
0.5,3,NA,18247955.414126,"model","drp","ery"
0.5,4,NA,88058399.8829379,"model","drp","ery"
0.5,6,NA,658721822.865606,"model","drp","ery"
1,0,NA,131666.666666667,"model","drp","ery"
1,1,NA,557360.588351909,"model","drp","ery"
1,2,NA,2355091.62246445,"model","drp","ery"
1,3,NA,9875614.4702317,"model","drp","ery"
1,4,NA,40134687.3488572,"model","drp","ery"
1,6,NA,379403006.723295,"model","drp","ery"
2,0,NA,126666.666666667,"model","drp","ery"
2,1,NA,413483.231310298,"model","drp","ery"
2,2,NA,1348339.32359817,"model","drp","ery"
2,3,NA,4381911.29371265,"model","drp","ery"
2,4,NA,14085416.9204454,"model","drp","ery"
2,6,NA,123214909.188855,"model","drp","ery"
4,0,NA,141666.666666667,"model","drp","ery"
4,1,NA,352326.797531794,"model","drp","ery"
4,2,NA,875667.434386059,"model","drp","ery"
4,3,NA,2172832.65599199,"model","drp","ery"
4,4,NA,5369932.21468988,"model","drp","ery"
4,6,NA,31412520.8176856,"model","drp","ery"
8,0,NA,153333.333333333,"model","drp","ery"
8,1,NA,298260.16377815,"model","drp","ery"
8,2,NA,579940.405425883,"model","drp","ery"
8,3,NA,1126784.43075742,"model","drp","ery"
8,4,NA,2186030.76668417,"model","drp","ery"
8,6,NA,8136246.76356851,"model","drp","ery"
16,0,NA,133333.333333333,"model","drp","ery"
16,1,NA,213572.687594465,"model","drp","ery"
16,2,NA,342032.89851452,"model","drp","ery"
16,3,NA,547588.325921226,"model","drp","ery"
16,4,NA,876241.495292134,"model","drp","ery"
16,6,NA,2237249.84338327,"model","drp","ery"
32,0,NA,86666.6666666667,"model","drp","ery"
32,1,NA,120935.31866649,"model","drp","ery"
32,2,NA,168740.895437901,"model","drp","ery"
32,3,NA,235418.516620137,"model","drp","ery"
32,4,NA,328394.177917532,"model","drp","ery"
32,6,NA,638550.986281946,"model","drp","ery"
0,0,55075.705472861,163333.333333333,"Data","drp","tet"
0,1,1434398.82877811,1850000,"Data","drp","tet"
0,2,5107184.48201485,10333333.3333333,"Data","drp","tet"
0,3,50579969.6849784,96666666.6666667,"Data","drp","tet"
0,4,3.5e+08,5.5e+08,"Data","drp","tet"
0,6,346410161.513775,1.3e+09,"Data","drp","tet"
0.25,0,99624.2942258564,185000,"Data","drp","tet"
0.25,1,1693369.42218761,2050000,"Data","drp","tet"
0.25,2,3175426.48054294,10833333.3333333,"Data","drp","tet"
0.25,3,37527767.4973257,51666666.6666667,"Data","drp","tet"
0.25,4,144337567.297406,433333333.333333,"Data","drp","tet"
0.25,6,482182538.049648,1.05e+09,"Data","drp","tet"
0.5,0,42524.5027405769,146666.666666667,"Data","drp","tet"
0.5,1,596517.672272443,1266666.66666667,"Data","drp","tet"
0.5,2,2886751.34594813,9166666.66666667,"Data","drp","tet"
0.5,3,22546248.7641145,76666666.6666667,"Data","drp","tet"
0.5,4,352325606.979302,443333333.333333,"Data","drp","tet"
0.5,6,3e+08,9.5e+08,"Data","drp","tet"
1,0,196871.362400257,223333.333333333,"Data","drp","tet"
1,1,354729.944229879,966666.666666667,"Data","drp","tet"
1,2,6027713.77334171,9166666.66666667,"Data","drp","tet"
1,3,28431203.5153866,56666666.6666667,"Data","drp","tet"
1,4,236290781.31263,383333333.333333,"Data","drp","tet"
1,6,553022000.767902,1316666666.66667,"Data","drp","tet"
2,0,60621.7782649107,145000,"Data","drp","tet"
2,1,416333.199893227,583333.333333333,"Data","drp","tet"
2,2,2753785.27364305,4833333.33333333,"Data","drp","tet"
2,3,33955853.6926993,3.1e+07,"Data","drp","tet"
2,4,222654440.782123,2.55e+08,"Data","drp","tet"
2,6,425245027.405769,733333333.333333,"Data","drp","tet"
4,0,165755.844542508,215000,"Data","drp","tet"
4,1,69282.0323027551,260000,"Data","drp","tet"
4,2,453688.586293873,583333.333333333,"Data","drp","tet"
4,3,2065389.39024421,2116666.66666667,"Data","drp","tet"
4,4,18346207.6008458,16833333.3333333,"Data","drp","tet"
4,6,375277674.973257,366666666.666667,"Data","drp","tet"
8,0,11547.0053837925,143333.333333333,"Data","drp","tet"
8,1,117508.864913815,231666.666666667,"Data","drp","tet"
8,2,40414.5188432738,68333.3333333333,"Data","drp","tet"
8,3,22787.0577302117,31500,"Data","drp","tet"
8,4,53928.9656245448,63333.3333333333,"Data","drp","tet"
8,6,1450183.89638464,1196666.66666667,"Data","drp","tet"
16,0,115325.625946708,190000,"Data","drp","tet"
16,1,132570.735835629,205000,"Data","drp","tet"
16,2,24834.4518763753,21500,"Data","drp","tet"
16,3,33054.2483401655,21833.3333333333,"Data","drp","tet"
16,4,3669.24152016917,4066.66666666667,"Data","drp","tet"
16,6,11838.3205453026,12083.3333333333,"Data","drp","tet"
32,0,141096.893421979,188333.333333333,"Data","drp","tet"
32,1,39051.2483795333,130000,"Data","drp","tet"
32,2,2565.80071972344,12833.3333333333,"Data","drp","tet"
32,3,27569.6088716059,18166.6666666667,"Data","drp","tet"
32,4,2208.50628253578,1450,"Data","drp","tet"
32,6,3312.97952503986,2183.33333333333,"Data","drp","tet"
0,0,NA,163333.333333333,"model","drp","tet"
0,1,NA,1491319.94959483,"model","drp","tet"
0,2,NA,13484149.573572,"model","drp","tet"
0,3,NA,112079720.354424,"model","drp","tet"
0,4,NA,560021063.650071,"model","drp","tet"
0,6,NA,1087453096.37344,"model","drp","tet"
0.25,0,NA,185000,"model","drp","tet"
0.25,1,NA,1645617.65664332,"model","drp","tet"
0.25,2,NA,14484450.9745869,"model","drp","tet"
0.25,3,NA,116718104.852181,"model","drp","tet"
0.25,4,NA,562273973.29743,"model","drp","tet"
0.25,6,NA,1074448761.91067,"model","drp","tet"
0.5,0,NA,146666.666666667,"model","drp","tet"
0.5,1,NA,1232391.22917245,"model","drp","tet"
0.5,2,NA,10277322.5691261,"model","drp","tet"
0.5,3,NA,80642788.9957827,"model","drp","tet"
0.5,4,NA,433542381.34055,"model","drp","tet"
0.5,6,NA,1037470836.23937,"model","drp","tet"
1,0,NA,223333.333333333,"model","drp","tet"
1,1,NA,1575879.85714587,"model","drp","tet"
1,2,NA,11026721.1823891,"model","drp","tet"
1,3,NA,72897932.0086309,"model","drp","tet"
1,4,NA,354031420.072902,"model","drp","tet"
1,6,NA,939147044.059614,"model","drp","tet"
2,0,NA,145000,"model","drp","tet"
2,1,NA,644848.812082765,"model","drp","tet"
2,2,NA,2861147.27777242,"model","drp","tet"
2,3,NA,12565609.1033288,"model","drp","tet"
2,4,NA,52833242.2768639,"model","drp","tet"
2,6,NA,447403832.29768,"model","drp","tet"
4,0,NA,215000,"model","drp","tet"
4,1,NA,395548.891375106,"model","drp","tet"
4,2,NA,727351.925892832,"model","drp","tet"
4,3,NA,1336259.22097358,"model","drp","tet"
4,4,NA,2450783.67999033,"model","drp","tet"
4,6,NA,8147857.01296077,"model","drp","tet"
8,0,NA,143333.333333333,"model","drp","tet"
8,1,NA,100342.019383595,"model","drp","tet"
8,2,NA,70250.4534118348,"model","drp","tet"
8,3,NA,49185.7150091387,"model","drp","tet"
8,4,NA,34438.4247755349,"model","drp","tet"
8,6,NA,16884.2194523773,"model","drp","tet"
16,0,NA,190000,"model","drp","tet"
16,1,NA,74221.2419836203,"model","drp","tet"
16,2,NA,28998.0514070559,"model","drp","tet"
16,3,NA,11330.1043496535,"model","drp","tet"
16,4,NA,4426.99364995203,"model","drp","tet"
16,6,NA,675.877998757116,"model","drp","tet"
32,0,NA,188333.333333333,"model","drp","tet"
32,1,NA,58101.2585198655,"model","drp","tet"
32,2,NA,17927.0652673895,"model","drp","tet"
32,3,NA,5531.63186661083,"model","drp","tet"
32,4,NA,1706.88290711312,"model","drp","tet"
32,6,NA,162.520880413168,"model","drp","tet"
